Timestamp	Upload Thumbnail Image	Upload Bigger Image	Artwork Title	Artwork Description	Artwork Date	Short Name for File/Folder  (No spaces or special characters, except for hyphens)	Era	Youtube Link
Sat Feb 01 2025 13:02:56 GMT-0500 (Eastern Standard Time)	https://drive.google.com/open?id=1ZUF5Jd6jx7XNKAMmjV6-_de3pJZwPwr0	https://drive.google.com/open?id=1IfCXH-sx8kj5ZeE_8ddCb3EHvyxkI1uH	Legacy	Acrylic on canvas	Fri Jan 01 2016 00:00:00 GMT-0500 (Eastern Standard Time)	legacy	Drawing & Painting	
Sat Feb 01 2025 13:10:07 GMT-0500 (Eastern Standard Time)	https://drive.google.com/open?id=1aKJv0HK-809XLFu_L_rPUSrH6Na4pD1C	https://drive.google.com/open?id=1jN_Dc-9nVpbbs7gnHWgkF5-qJpP7m_TY	Moon Garden Series	Acrylic and graphite on canvas, 20 x 16 in	Thu Apr 25 2024 00:00:00 GMT-0400 (Eastern Daylight Time)	moon-garden-coll	Drawing & Painting	
Sat Feb 01 2025 13:13:59 GMT-0500 (Eastern Standard Time)	https://drive.google.com/open?id=1fytTGZ7UeCUqqG2Eg_wqm8rye5rPeGvQ	https://drive.google.com/open?id=1vCo1bf_Ot7HgvUvrZJoAZpGS_RmmlXQV	Floating Flowers	Acrylic on canvas, 12 x 12 in	Mon Oct 30 2017 00:00:00 GMT-0400 (Eastern Daylight Time)	float-flowers	Drawing & Painting	
Sat Feb 01 2025 13:20:38 GMT-0500 (Eastern Standard Time)	https://drive.google.com/open?id=18qvGuNQYmxK1qchgPfqi6dE93P65OgDT	https://drive.google.com/open?id=1HtizTr-KZ8GusUT0vUiYDfNNwXoo6Lhz	Pods and Twigs	Colored pencil and graphite on paper, 5 x 7 in	Mon Jan 27 2025 00:00:00 GMT-0500 (Eastern Standard Time)	pods-twigs	Drawing & Painting	
Sat Feb 01 2025 13:23:55 GMT-0500 (Eastern Standard Time)	https://drive.google.com/open?id=1cYkCECUlmfCq9gC1DDtUjWfDImTdzfua	https://drive.google.com/open?id=1E0WT4jN-_WkAFTivwSu2aV3DLRd9VlDx	Tall Daisies	Colored pencil and graphite on paper, 5 x 7 in	Sun Jan 26 2025 00:00:00 GMT-0500 (Eastern Standard Time)	tall-daisies	Drawing & Painting	
Sat Feb 01 2025 13:28:59 GMT-0500 (Eastern Standard Time)	https://drive.google.com/open?id=1dPGoXOfevIkDNvooEo7jwI_LUnMOGz-J	https://drive.google.com/open?id=142LQcpvlidr3nzG2q-RbkFcyDba10ezN	Six	Colored pencil and graphite on paper, 5 x 7 in	Fri Jan 17 2025 00:00:00 GMT-0500 (Eastern Standard Time)	six-palms	Drawing & Painting	
Sat Feb 01 2025 13:57:07 GMT-0500 (Eastern Standard Time)	https://drive.google.com/open?id=1WcRecwTMd2034p2sfUXB2Qje8vp6zfJk	https://drive.google.com/open?id=1G_xp0WOwXYM0vIlDXhMwLe_6cR9pDqfX	Birds and Cloud Mobile	Acrylic on foam board with fishing line	Wed May 01 2019 00:00:00 GMT-0400 (Eastern Daylight Time)	birds-cloud-mobile	Cardboard	
Sat Feb 01 2025 14:05:52 GMT-0500 (Eastern Standard Time)	https://drive.google.com/open?id=1d8JstxbZR6NFjDhTPa1JzXBNnt-t2I1-	https://drive.google.com/open?id=1rFlAHBmZx-6KYBt-GrzDtCN0bOTuPP3T	The Light Was Us	Acrylic on corrugated cardboard 13.25 x 12.75 x 2.5 inch box, filled with nine acrylic on corrugated cardboard pieces, various dimensions	Fri Jan 01 2021 00:00:00 GMT-0500 (Eastern Standard Time)	light-was-us	Cardboard	
Sat Feb 01 2025 14:15:38 GMT-0500 (Eastern Standard Time)	https://drive.google.com/open?id=1s6YWBnydFSjRqnqYWhv2g3De3UYD8r2s	https://drive.google.com/open?id=1Tfk3uFu-Q3v6AGywKO4uBx1FTfJm1iS5	Green Casual Table	Acrylic on corrugated cardboard, with three tarn balls (yarn balls made from old t-shirts)  18 X 18 x 27.5 in. (46 x 46 x 70 cm)	Thu Feb 25 2021 00:00:00 GMT-0500 (Eastern Standard Time)	green-table	Cardboard	
Sat Feb 01 2025 14:27:06 GMT-0500 (Eastern Standard Time)	https://drive.google.com/open?id=1p7kLeLJQVja00hrLCi5_ne4pfbmVx1jP	https://drive.google.com/open?id=1ClkV1PKnxOlTJeTjkT9dvjsENyK3s_bG	Twins	Acrylic on corrugated cardboard, diptych  2 pieces, 24 x 7.75 x 2 in (62 x 20 x 5 cm) each	Thu Feb 11 2021 00:00:00 GMT-0500 (Eastern Standard Time)	twins	Cardboard	
Sat Feb 01 2025 14:30:14 GMT-0500 (Eastern Standard Time)	https://drive.google.com/open?id=1KUtfrosABtaA_4-XHjlrGNfB0LtJWzTq	https://drive.google.com/open?id=13j9-CSVD7LCI-xoWx0KCowZ0OSyjUrl8	Balance	Acrylic on corrugated cardboard  24 x 27.5 in. (61 x 70  cm)	Sat May 08 2021 00:00:00 GMT-0400 (Eastern Daylight Time)	balance	Cardboard	
Sat Feb 01 2025 15:03:59 GMT-0500 (Eastern Standard Time)	https://drive.google.com/open?id=1EmatGM4XRqczvSZLnjGnIa11Nnpf7cNx	https://drive.google.com/open?id=1wL2fy4Ebdi5ImnJbACFC6uaFERbSsLlc	Crossing Forms	Acrylic on scroll-sawn, hand-assembled plywood 24 x 24 x 24 in. (61 x 61 x 61 cm)	Mon May 20 2024 00:00:00 GMT-0400 (Eastern Daylight Time)	hands-feet	Wood	
Sat Feb 01 2025 15:25:43 GMT-0500 (Eastern Standard Time)	https://drive.google.com/open?id=1dJ6VgnyfvlHIcthZDsZXYJHDtT3YKHk2	https://drive.google.com/open?id=1fyVQgclSxaSJKe_CO8MobgvPIctzuyw_	Centered, Awkward, Repaired, Mended	Acrylic on wood (some with metal screws) 4 pieces, each approx. 14 x 6 x 2 in. (5.5 x 2.4 x 8 cm)	Sat Dec 09 2023 00:00:00 GMT-0500 (Eastern Standard Time)	b-w-striped-series	Wood	
Sat Feb 01 2025 15:33:56 GMT-0500 (Eastern Standard Time)	https://drive.google.com/open?id=1kzur4sL2M9htAbdKzJVa3CUpzoV54ENE	https://drive.google.com/open?id=1iT7E3AmWAETl8pmrx2tR97Gyo0r49ry4	Flight & Empty Center	Flight: Acrylic and graphite on wood, 25 x 6.5 x 3 in. Empty Center: Acrylic and graphite on wood, 25 x 11.5 x 2.5 in.	Mon Apr 15 2024 00:00:00 GMT-0400 (Eastern Daylight Time)	flight-empty	Wood	
Sat Feb 01 2025 15:38:53 GMT-0500 (Eastern Standard Time)	https://drive.google.com/open?id=1COngUGMrdg02irm9sYPU2_sGXi55BKB_	https://drive.google.com/open?id=1gHIyUUEhAT73nf--wurASw5Nz2r1tHos	Flower Columns	Acrylic and graphite on wood 3 pieces, ea. 20.125 x 5 x 3.5 inches	Sun Apr 14 2024 00:00:00 GMT-0400 (Eastern Daylight Time)	flower-columns	Wood	
Sat Feb 01 2025 20:13:54 GMT-0500 (Eastern Standard Time)	https://drive.google.com/open?id=1cU0xpuYFIESe8RDY050Y5YXK3jmCmN2v	https://drive.google.com/open?id=1IqXTo-YkFaJmmpAwwHJAILIbzjcBlJ8g	Woman (Propeller)	Acrylic on scroll-sawn plywood, hand assembled approx. 18 x 10 x 10 in. Click on link for: A Series of Short Stop Motion Videos - April 2023	Fri Apr 07 2023 00:00:00 GMT-0400 (Eastern Daylight Time)	woman	Wood	https://www.youtube.com/watch?v=6WZlGJCS7Mg
Sat Feb 01 2025 20:19:10 GMT-0500 (Eastern Standard Time)	https://drive.google.com/open?id=1lpb4bcKX7kePU9Rj2dnDdn7yFv4bM3Ck	https://drive.google.com/open?id=1EjmMrcU3ARxbkBEooAIcfedgfwVAexCm	Buttercups	Acrylic on scroll-sawn plywood Approx. 18 x 10 x 10 in. Click on link for stopmotion	Fri Apr 14 2023 00:00:00 GMT-0400 (Eastern Daylight Time)	buttercup	Wood	https://www.youtube.com/watch?v=kJT4nWdY3e0
Sun Feb 02 2025 11:32:15 GMT-0500 (Eastern Standard Time)	https://drive.google.com/open?id=1oktK00EW9PGare-w1NsJIUXMc_Zl7G6K	https://drive.google.com/open?id=1_hEsK05-AqopJStvsW0tNmysgLMwPenC	Monument	Acrylic on corrugated cardboard Approx. 23 x 9.5 x 15 in. (58.4 x 24 x 38 cm)	Wed Nov 11 2020 00:00:00 GMT-0500 (Eastern Standard Time)	monument	Cardboard	
Sun Feb 16 2025 17:10:45 GMT-0500 (Eastern Standard Time)	https://drive.google.com/open?id=1nqUYg1L0eGZEG1U6GxbJfDOaY3b2tePF	https://drive.google.com/open?id=1k1aXvcg4qHzRFy5flfcAFhuSW8Wiq8CI	testing	testing	Sun Feb 16 2025 00:00:00 GMT-0500 (Eastern Standard Time)	testing	Cardboard	
Sun Feb 16 2025 17:16:29 GMT-0500 (Eastern Standard Time)	https://drive.google.com/open?id=1QAuSklju3Nm4UMfUEz5_ElvuO1YVXxB1	https://drive.google.com/open?id=1V5zP8fktwi5d-90t7NzIB73oUlY3zp7f	testing2	testing2	Sun Feb 16 2025 00:00:00 GMT-0500 (Eastern Standard Time)	testing2	Cardboard	
Sun Feb 16 2025 17:22:13 GMT-0500 (Eastern Standard Time)	https://drive.google.com/open?id=1B969eVs3flofjoKHffKfPrLdRaUnoFrQ	https://drive.google.com/open?id=1czmgPjrOenK-GLJ71xUg7IkwIgScJ6cg	testing3	testing3	Sun Feb 16 2025 00:00:00 GMT-0500 (Eastern Standard Time)	testing3	Cardboard	